id,comp,target,fert,light,cage_rand1,cage_rand2,biomass,status,comp_treat,family_tar,family_comp
AH_129,Cardamine_hirsuta,Cardamine_hirsuta,low,high light,2,4,0.3203,native,intra,Brassicaceae,Brassicaceae
AH_130,Diplotaxis_muralis,Diplotaxis_muralis,low,high light,4,2,0.729,alien,intra,Brassicaceae,Brassicaceae
AH_131,Galinsoga_parviflora,Galinsoga_parviflora,low,high light,3,1,0.6394,alien,intra,Compositae,Compositae
AH_132,Hieracium_pilosella,Hieracium_pilosella,low,high light,1,4,0.5628,native,intra,Compositae,Compositae
AH_133,Elsholtzia_ciliata,Elsholtzia_ciliata,low,high light,3,4,0.6554,alien,intra,Lamiaceae,Lamiaceae
AH_134,Mentha_longifolia,Mentha_longifolia,low,high light,1,4,1.3112,native,intra,Lamiaceae,Lamiaceae
AH_135,Prunella_vulgaris,Prunella_vulgaris,low,high light,4,4,2.0034,native,intra,Lamiaceae,Lamiaceae
AH_136,Salvia_verticillata,Salvia_verticillata,low,high light,2,1,1.3046,alien,intra,Lamiaceae,Lamiaceae
AH_137,Medicago_falcata,Medicago_falcata,low,high light,3,3,0.2365,native,intra,Leguminosae,Leguminosae
AH_138,Medicago_lupulina,Medicago_lupulina,low,high light,1,1,0.9487,native,intra,Leguminosae,Leguminosae
AH_139,Onobrychis_viciifolia,Onobrychis_viciifolia,low,high light,4,3,0.4312,alien,intra,Leguminosae,Leguminosae
AH_140,Vicia_villosa,Vicia_villosa,low,high light,2,3,0.2267,alien,intra,Leguminosae,Leguminosae
AH_141,Epilobium_ciliatum,Epilobium_ciliatum,low,high light,3,1,0.9041,alien,intra,Onagraceae,Onagraceae
AH_142,Epilobium_hirsutum,Epilobium_hirsutum,low,high light,2,3,1.8123,native,intra,Onagraceae,Onagraceae
AH_143,Eragrostis_minor,Eragrostis_minor,low,high light,1,2,1.5575,alien,intra,Poaceae,Poaceae
AH_144,Vulpia_myuros,Vulpia_myuros,low,high light,4,4,0.8964,native,intra,Poaceae,Poaceae
AH_146,Diplotaxis_muralis,Diplotaxis_muralis,high,high light,2,4,1.1954,alien,intra,Brassicaceae,Brassicaceae
AH_148,Hieracium_pilosella,Hieracium_pilosella,high,high light,4,4,0.3595,native,intra,Compositae,Compositae
AH_149,Elsholtzia_ciliata,Elsholtzia_ciliata,high,high light,2,4,0.7464,alien,intra,Lamiaceae,Lamiaceae
AH_151,Prunella_vulgaris,Prunella_vulgaris,high,high light,3,2,1.2423,native,intra,Lamiaceae,Lamiaceae
AH_152,Salvia_verticillata,Salvia_verticillata,high,high light,1,1,3.0219,alien,intra,Lamiaceae,Lamiaceae
AH_153,Medicago_falcata,Medicago_falcata,high,high light,3,4,0.2053,native,intra,Leguminosae,Leguminosae
AH_154,Medicago_lupulina,Medicago_lupulina,high,high light,4,3,1.3778,native,intra,Leguminosae,Leguminosae
AH_155,Onobrychis_viciifolia,Onobrychis_viciifolia,high,high light,2,2,0.6751,alien,intra,Leguminosae,Leguminosae
AH_156,Vicia_villosa,Vicia_villosa,high,high light,1,4,0.5263,alien,intra,Leguminosae,Leguminosae
AH_157,Epilobium_ciliatum,Epilobium_ciliatum,high,high light,3,3,3.5351,alien,intra,Onagraceae,Onagraceae
AH_158,Epilobium_hirsutum,Epilobium_hirsutum,high,high light,2,2,2.5043,native,intra,Onagraceae,Onagraceae
AH_159,Eragrostis_minor,Eragrostis_minor,high,high light,1,4,4.3052,alien,intra,Poaceae,Poaceae
AH_160,Vulpia_myuros,Vulpia_myuros,high,high light,4,1,0.3994,native,intra,Poaceae,Poaceae
AH_161,Cardamine_hirsuta,Cardamine_hirsuta,low,low light,6,7,0.5352,native,intra,Brassicaceae,Brassicaceae
AH_162,Diplotaxis_muralis,Diplotaxis_muralis,low,low light,5,6,0.6067,alien,intra,Brassicaceae,Brassicaceae
AH_163,Galinsoga_parviflora,Galinsoga_parviflora,low,low light,7,6,2.2518,alien,intra,Compositae,Compositae
AH_164,Hieracium_pilosella,Hieracium_pilosella,low,low light,8,7,0.3555,native,intra,Compositae,Compositae
AH_165,Elsholtzia_ciliata,Elsholtzia_ciliata,low,low light,7,5,0.5291,alien,intra,Lamiaceae,Lamiaceae
AH_166,Mentha_longifolia,Mentha_longifolia,low,low light,8,6,1.2124,native,intra,Lamiaceae,Lamiaceae
AH_167,Prunella_vulgaris,Prunella_vulgaris,low,low light,5,8,0.3209,native,intra,Lamiaceae,Lamiaceae
AH_168,Salvia_verticillata,Salvia_verticillata,low,low light,6,7,1.7891,alien,intra,Lamiaceae,Lamiaceae
AH_169,Medicago_falcata,Medicago_falcata,low,low light,6,8,0.2556,native,intra,Leguminosae,Leguminosae
AH_170,Medicago_lupulina,Medicago_lupulina,low,low light,8,8,0.3615,native,intra,Leguminosae,Leguminosae
AH_171,Onobrychis_viciifolia,Onobrychis_viciifolia,low,low light,5,5,0.5464,alien,intra,Leguminosae,Leguminosae
AH_172,Vicia_villosa,Vicia_villosa,low,low light,7,6,0.4687,alien,intra,Leguminosae,Leguminosae
AH_173,Epilobium_ciliatum,Epilobium_ciliatum,low,low light,5,7,0.6412,alien,intra,Onagraceae,Onagraceae
AH_174,Epilobium_hirsutum,Epilobium_hirsutum,low,low light,8,5,3.0506,native,intra,Onagraceae,Onagraceae
AH_176,Vulpia_myuros,Vulpia_myuros,low,low light,7,7,0.5324,native,intra,Poaceae,Poaceae
AH_177,Cardamine_hirsuta,Cardamine_hirsuta,high,low light,5,7,0.4281,native,intra,Brassicaceae,Brassicaceae
AH_178,Diplotaxis_muralis,Diplotaxis_muralis,high,low light,8,8,2.0566,alien,intra,Brassicaceae,Brassicaceae
AH_179,Galinsoga_parviflora,Galinsoga_parviflora,high,low light,7,8,4.0865,alien,intra,Compositae,Compositae
AH_180,Hieracium_pilosella,Hieracium_pilosella,high,low light,6,5,0.6553,native,intra,Compositae,Compositae
AH_181,Elsholtzia_ciliata,Elsholtzia_ciliata,high,low light,7,7,0.8438,alien,intra,Lamiaceae,Lamiaceae
AH_182,Mentha_longifolia,Mentha_longifolia,high,low light,5,6,1.8231,native,intra,Lamiaceae,Lamiaceae
AH_183,Prunella_vulgaris,Prunella_vulgaris,high,low light,6,8,0.4096,native,intra,Lamiaceae,Lamiaceae
AH_184,Salvia_verticillata,Salvia_verticillata,high,low light,8,6,3.0045,alien,intra,Lamiaceae,Lamiaceae
AH_185,Medicago_falcata,Medicago_falcata,high,low light,8,5,0.4607,native,intra,Leguminosae,Leguminosae
AH_186,Medicago_lupulina,Medicago_lupulina,high,low light,7,6,1.2754,native,intra,Leguminosae,Leguminosae
AH_187,Onobrychis_viciifolia,Onobrychis_viciifolia,high,low light,5,5,0.8831,alien,intra,Leguminosae,Leguminosae
AH_188,Vicia_villosa,Vicia_villosa,high,low light,6,8,0.6573,alien,intra,Leguminosae,Leguminosae
AH_189,Epilobium_ciliatum,Epilobium_ciliatum,high,low light,8,8,1.9332,alien,intra,Onagraceae,Onagraceae
AH_190,Epilobium_hirsutum,Epilobium_hirsutum,high,low light,5,8,1.981,native,intra,Onagraceae,Onagraceae
AH_192,Vulpia_myuros,Vulpia_myuros,high,low light,7,5,0.8456,native,intra,Poaceae,Poaceae
AH_193,Diplotaxis_muralis,Cardamine_hirsuta,low,high light,2,1,0.1073,native,inter,Brassicaceae,Brassicaceae
AH_194,Galinsoga_parviflora,Hieracium_pilosella,low,high light,3,1,0.0832,native,inter,Compositae,Compositae
AH_195,Elsholtzia_ciliata,Mentha_longifolia,low,high light,1,1,1.0834,native,inter,Lamiaceae,Lamiaceae
AH_196,Salvia_verticillata,Prunella_vulgaris,low,high light,4,3,0.4323,native,inter,Lamiaceae,Lamiaceae
AH_197,Onobrychis_viciifolia,Medicago_falcata,low,high light,3,2,0.3129,native,inter,Leguminosae,Leguminosae
AH_198,Vicia_villosa,Medicago_lupulina,low,high light,1,2,1.5517,native,inter,Leguminosae,Leguminosae
AH_199,Epilobium_ciliatum,Epilobium_hirsutum,low,high light,4,4,1.1557,native,inter,Onagraceae,Onagraceae
AH_200,Eragrostis_minor,Vulpia_myuros,low,high light,2,3,0.5648,native,inter,Poaceae,Poaceae
AH_201,Galinsoga_parviflora,Vulpia_myuros,low,high light,3,2,0.3342,native,inter,Poaceae,Compositae
AH_202,Vicia_villosa,Hieracium_pilosella,low,high light,4,2,1.0482,native,inter,Compositae,Leguminosae
AH_203,Eragrostis_minor,Cardamine_hirsuta,low,high light,1,2,1.9541,native,inter,Brassicaceae,Poaceae
AH_204,Elsholtzia_ciliata,Cardamine_hirsuta,low,high light,2,3,0.0356,native,inter,Brassicaceae,Lamiaceae
AH_205,Galinsoga_parviflora,Cardamine_hirsuta,low,high light,3,1,0.1425,native,inter,Brassicaceae,Compositae
AH_206,Onobrychis_viciifolia,Prunella_vulgaris,low,high light,4,1,0.6224,native,inter,Lamiaceae,Leguminosae
AH_207,Eragrostis_minor,Mentha_longifolia,low,high light,2,1,1.0528,native,inter,Lamiaceae,Poaceae
AH_208,Elsholtzia_ciliata,Prunella_vulgaris,low,high light,1,3,0.5756,native,inter,Lamiaceae,Lamiaceae
AH_209,Diplotaxis_muralis,Medicago_lupulina,low,high light,2,1,0.3193,native,inter,Leguminosae,Brassicaceae
AH_210,Salvia_verticillata,Cardamine_hirsuta,low,high light,1,3,0.5517,native,inter,Brassicaceae,Lamiaceae
AH_211,Epilobium_ciliatum,Cardamine_hirsuta,low,high light,3,3,0.4634,native,inter,Brassicaceae,Onagraceae
AH_212,Epilobium_ciliatum,Mentha_longifolia,low,high light,4,4,0.8893,native,inter,Lamiaceae,Onagraceae
AH_213,Diplotaxis_muralis,Medicago_falcata,low,high light,2,2,0.0551,native,inter,Leguminosae,Brassicaceae
AH_214,Elsholtzia_ciliata,Hieracium_pilosella,low,high light,1,4,0.1823,native,inter,Compositae,Lamiaceae
AH_215,Vicia_villosa,Prunella_vulgaris,low,high light,3,4,0.6995,native,inter,Lamiaceae,Leguminosae
AH_216,Galinsoga_parviflora,Medicago_falcata,low,high light,4,2,2.9572,native,inter,Leguminosae,Compositae
AH_217,Diplotaxis_muralis,Prunella_vulgaris,low,high light,3,3,0.1148,native,inter,Lamiaceae,Brassicaceae
AH_218,Onobrychis_viciifolia,Mentha_longifolia,low,high light,2,4,1.4681,native,inter,Lamiaceae,Leguminosae
AH_219,Galinsoga_parviflora,Medicago_lupulina,low,high light,4,3,0.0916,native,inter,Leguminosae,Compositae
AH_220,Diplotaxis_muralis,Hieracium_pilosella,low,high light,1,2,0.1563,native,inter,Compositae,Brassicaceae
AH_221,Galinsoga_parviflora,Prunella_vulgaris,low,high light,2,3,0.1753,native,inter,Lamiaceae,Compositae
AH_222,Epilobium_ciliatum,Medicago_falcata,low,high light,4,3,0.1272,native,inter,Leguminosae,Onagraceae
AH_223,Galinsoga_parviflora,Mentha_longifolia,low,high light,3,4,0.3981,native,inter,Lamiaceae,Compositae
AH_224,Epilobium_ciliatum,Vulpia_myuros,low,high light,1,2,0.8894,native,inter,Poaceae,Onagraceae
AH_225,Diplotaxis_muralis,Cardamine_hirsuta,high,high light,3,1,0.2164,native,inter,Brassicaceae,Brassicaceae
AH_226,Galinsoga_parviflora,Hieracium_pilosella,high,high light,2,4,3.9156,native,inter,Compositae,Compositae
AH_227,Elsholtzia_ciliata,Mentha_longifolia,high,high light,1,3,2.2682,native,inter,Lamiaceae,Lamiaceae
AH_228,Salvia_verticillata,Prunella_vulgaris,high,high light,4,4,1.264,native,inter,Lamiaceae,Lamiaceae
AH_229,Onobrychis_viciifolia,Medicago_falcata,high,high light,4,1,1.1563,native,inter,Leguminosae,Leguminosae
AH_230,Vicia_villosa,Medicago_lupulina,high,high light,3,3,2.7728,native,inter,Leguminosae,Leguminosae
AH_231,Epilobium_ciliatum,Epilobium_hirsutum,high,high light,2,1,3.608,native,inter,Onagraceae,Onagraceae
AH_232,Eragrostis_minor,Vulpia_myuros,high,high light,1,4,0.8332,native,inter,Poaceae,Poaceae
AH_233,Galinsoga_parviflora,Vulpia_myuros,high,high light,2,3,0.5553,native,inter,Poaceae,Compositae
AH_234,Vicia_villosa,Hieracium_pilosella,high,high light,1,1,0.6305,native,inter,Compositae,Leguminosae
AH_235,Eragrostis_minor,Cardamine_hirsuta,high,high light,4,4,0.2484,native,inter,Brassicaceae,Poaceae
AH_236,Elsholtzia_ciliata,Cardamine_hirsuta,high,high light,3,2,0.4453,native,inter,Brassicaceae,Lamiaceae
AH_237,Galinsoga_parviflora,Cardamine_hirsuta,high,high light,3,4,0.0674,native,inter,Brassicaceae,Compositae
AH_238,Onobrychis_viciifolia,Prunella_vulgaris,high,high light,2,2,0.6026,native,inter,Lamiaceae,Leguminosae
AH_239,Eragrostis_minor,Mentha_longifolia,high,high light,4,1,3.5954,native,inter,Lamiaceae,Poaceae
AH_240,Elsholtzia_ciliata,Prunella_vulgaris,high,high light,1,1,2.2815,native,inter,Lamiaceae,Lamiaceae
AH_241,Diplotaxis_muralis,Medicago_lupulina,high,high light,4,4,0.3258,native,inter,Leguminosae,Brassicaceae
AH_242,Salvia_verticillata,Cardamine_hirsuta,high,high light,1,2,0.2972,native,inter,Brassicaceae,Lamiaceae
AH_244,Epilobium_ciliatum,Mentha_longifolia,high,high light,2,1,2.0374,native,inter,Lamiaceae,Onagraceae
AH_245,Diplotaxis_muralis,Medicago_falcata,high,high light,3,2,0.1072,native,inter,Leguminosae,Brassicaceae
AH_246,Elsholtzia_ciliata,Hieracium_pilosella,high,high light,4,3,0.113,native,inter,Compositae,Lamiaceae
AH_247,Vicia_villosa,Prunella_vulgaris,high,high light,1,4,0.2809,native,inter,Lamiaceae,Leguminosae
AH_248,Galinsoga_parviflora,Medicago_falcata,high,high light,2,2,0.0852,native,inter,Leguminosae,Compositae
AH_249,Diplotaxis_muralis,Prunella_vulgaris,high,high light,4,2,0.3955,native,inter,Lamiaceae,Brassicaceae
AH_250,Onobrychis_viciifolia,Mentha_longifolia,high,high light,1,3,0.6971,native,inter,Lamiaceae,Leguminosae
AH_251,Galinsoga_parviflora,Medicago_lupulina,high,high light,2,2,0.1673,native,inter,Leguminosae,Compositae
AH_252,Diplotaxis_muralis,Hieracium_pilosella,high,high light,3,1,0.091,native,inter,Compositae,Brassicaceae
AH_253,Galinsoga_parviflora,Prunella_vulgaris,high,high light,2,3,0.2184,native,inter,Lamiaceae,Compositae
AH_254,Epilobium_ciliatum,Medicago_falcata,high,high light,1,1,0.3409,native,inter,Leguminosae,Onagraceae
AH_255,Galinsoga_parviflora,Mentha_longifolia,high,high light,4,1,0.5819,native,inter,Lamiaceae,Compositae
AH_256,Epilobium_ciliatum,Vulpia_myuros,high,high light,3,3,1.3192,native,inter,Poaceae,Onagraceae
AH_257,Diplotaxis_muralis,Cardamine_hirsuta,low,low light,6,7,0.5926,native,inter,Brassicaceae,Brassicaceae
AH_258,Galinsoga_parviflora,Hieracium_pilosella,low,low light,5,8,0.1966,native,inter,Compositae,Compositae
AH_260,Salvia_verticillata,Prunella_vulgaris,low,low light,8,5,0.1192,native,inter,Lamiaceae,Lamiaceae
AH_261,Onobrychis_viciifolia,Medicago_falcata,low,low light,7,6,0.5387,native,inter,Leguminosae,Leguminosae
AH_262,Vicia_villosa,Medicago_lupulina,low,low light,8,6,1.5236,native,inter,Leguminosae,Leguminosae
AH_263,Epilobium_ciliatum,Epilobium_hirsutum,low,low light,6,6,0.9974,native,inter,Onagraceae,Onagraceae
AH_264,Eragrostis_minor,Vulpia_myuros,low,low light,5,8,0.4028,native,inter,Poaceae,Poaceae
AH_265,Galinsoga_parviflora,Vulpia_myuros,low,low light,6,6,0.1446,native,inter,Poaceae,Compositae
AH_266,Vicia_villosa,Hieracium_pilosella,low,low light,8,7,0.2061,native,inter,Compositae,Leguminosae
AH_267,Eragrostis_minor,Cardamine_hirsuta,low,low light,7,8,0.8116,native,inter,Brassicaceae,Poaceae
AH_268,Elsholtzia_ciliata,Cardamine_hirsuta,low,low light,5,7,0.3682,native,inter,Brassicaceae,Lamiaceae
AH_269,Galinsoga_parviflora,Cardamine_hirsuta,low,low light,6,7,0.9253,native,inter,Brassicaceae,Compositae
AH_270,Onobrychis_viciifolia,Prunella_vulgaris,low,low light,8,7,1.7395,native,inter,Lamiaceae,Leguminosae
AH_271,Eragrostis_minor,Mentha_longifolia,low,low light,7,5,0.7428,native,inter,Lamiaceae,Poaceae
AH_272,Elsholtzia_ciliata,Prunella_vulgaris,low,low light,5,5,0.3365,native,inter,Lamiaceae,Lamiaceae
AH_273,Diplotaxis_muralis,Medicago_lupulina,low,low light,8,7,0.3551,native,inter,Leguminosae,Brassicaceae
AH_274,Salvia_verticillata,Cardamine_hirsuta,low,low light,7,7,0.3964,native,inter,Brassicaceae,Lamiaceae
AH_275,Epilobium_ciliatum,Cardamine_hirsuta,low,low light,6,8,0.1506,native,inter,Brassicaceae,Onagraceae
AH_276,Epilobium_ciliatum,Mentha_longifolia,low,low light,5,8,0.5225,native,inter,Lamiaceae,Onagraceae
AH_277,Diplotaxis_muralis,Medicago_falcata,low,low light,8,5,0.249,native,inter,Leguminosae,Brassicaceae
AH_278,Elsholtzia_ciliata,Hieracium_pilosella,low,low light,5,5,0.1484,native,inter,Compositae,Lamiaceae
AH_279,Vicia_villosa,Prunella_vulgaris,low,low light,6,5,0.8763,native,inter,Lamiaceae,Leguminosae
AH_280,Galinsoga_parviflora,Medicago_falcata,low,low light,7,8,0.0975,native,inter,Leguminosae,Compositae
AH_281,Diplotaxis_muralis,Prunella_vulgaris,low,low light,6,8,0.2524,native,inter,Lamiaceae,Brassicaceae
AH_282,Onobrychis_viciifolia,Mentha_longifolia,low,low light,8,6,1.1339,native,inter,Lamiaceae,Leguminosae
AH_283,Galinsoga_parviflora,Medicago_lupulina,low,low light,5,7,0.4625,native,inter,Leguminosae,Compositae
AH_284,Diplotaxis_muralis,Hieracium_pilosella,low,low light,7,5,0.2179,native,inter,Compositae,Brassicaceae
AH_285,Galinsoga_parviflora,Prunella_vulgaris,low,low light,6,7,0.0563,native,inter,Lamiaceae,Compositae
AH_286,Epilobium_ciliatum,Medicago_falcata,low,low light,7,5,0.2374,native,inter,Leguminosae,Onagraceae
AH_287,Galinsoga_parviflora,Mentha_longifolia,low,low light,8,6,2.718,native,inter,Lamiaceae,Compositae
AH_288,Epilobium_ciliatum,Vulpia_myuros,low,low light,5,6,0.2633,native,inter,Poaceae,Onagraceae
AH_289,Diplotaxis_muralis,Cardamine_hirsuta,high,low light,6,7,0.2246,native,inter,Brassicaceae,Brassicaceae
AH_290,Galinsoga_parviflora,Hieracium_pilosella,high,low light,7,7,0.0643,native,inter,Compositae,Compositae
AH_291,Elsholtzia_ciliata,Mentha_longifolia,high,low light,5,5,2.4356,native,inter,Lamiaceae,Lamiaceae
AH_292,Salvia_verticillata,Prunella_vulgaris,high,low light,8,8,0.8642,native,inter,Lamiaceae,Lamiaceae
AH_293,Onobrychis_viciifolia,Medicago_falcata,high,low light,6,5,0.5862,native,inter,Leguminosae,Leguminosae
AH_294,Vicia_villosa,Medicago_lupulina,high,low light,7,8,0.4808,native,inter,Leguminosae,Leguminosae
AH_295,Epilobium_ciliatum,Epilobium_hirsutum,high,low light,8,6,3.3391,native,inter,Onagraceae,Onagraceae
AH_296,Eragrostis_minor,Vulpia_myuros,high,low light,5,7,0.9094,native,inter,Poaceae,Poaceae
AH_297,Galinsoga_parviflora,Vulpia_myuros,high,low light,8,5,7.5625,native,inter,Poaceae,Compositae
AH_298,Vicia_villosa,Hieracium_pilosella,high,low light,7,6,1.3872,native,inter,Compositae,Leguminosae
AH_299,Eragrostis_minor,Cardamine_hirsuta,high,low light,5,6,0.8092,native,inter,Brassicaceae,Poaceae
AH_300,Elsholtzia_ciliata,Cardamine_hirsuta,high,low light,6,6,1.1016,native,inter,Brassicaceae,Lamiaceae
AH_301,Galinsoga_parviflora,Cardamine_hirsuta,high,low light,8,8,0.5891,native,inter,Brassicaceae,Compositae
AH_302,Onobrychis_viciifolia,Prunella_vulgaris,high,low light,6,6,2.869,native,inter,Lamiaceae,Leguminosae
AH_303,Eragrostis_minor,Mentha_longifolia,high,low light,5,5,1.8408,native,inter,Lamiaceae,Poaceae
AH_304,Elsholtzia_ciliata,Prunella_vulgaris,high,low light,7,5,1.8543,native,inter,Lamiaceae,Lamiaceae
AH_305,Diplotaxis_muralis,Medicago_lupulina,high,low light,5,6,2.2881,native,inter,Leguminosae,Brassicaceae
AH_306,Salvia_verticillata,Cardamine_hirsuta,high,low light,7,8,0.3604,native,inter,Brassicaceae,Lamiaceae
AH_307,Epilobium_ciliatum,Cardamine_hirsuta,high,low light,6,7,1.0167,native,inter,Brassicaceae,Onagraceae
AH_308,Epilobium_ciliatum,Mentha_longifolia,high,low light,8,8,2.0325,native,inter,Lamiaceae,Onagraceae
AH_309,Diplotaxis_muralis,Medicago_falcata,high,low light,5,5,0.286,native,inter,Leguminosae,Brassicaceae
AH_310,Elsholtzia_ciliata,Hieracium_pilosella,high,low light,6,6,1.3026,native,inter,Compositae,Lamiaceae
AH_311,Vicia_villosa,Prunella_vulgaris,high,low light,7,7,2.0664,native,inter,Lamiaceae,Leguminosae
AH_312,Galinsoga_parviflora,Medicago_falcata,high,low light,8,5,0.1436,native,inter,Leguminosae,Compositae
AH_313,Diplotaxis_muralis,Prunella_vulgaris,high,low light,5,8,0.4739,native,inter,Lamiaceae,Brassicaceae
AH_314,Onobrychis_viciifolia,Mentha_longifolia,high,low light,8,7,4.0592,native,inter,Lamiaceae,Leguminosae
AH_315,Galinsoga_parviflora,Medicago_lupulina,high,low light,6,7,0.5175,native,inter,Leguminosae,Compositae
AH_316,Diplotaxis_muralis,Hieracium_pilosella,high,low light,7,6,0.5244,native,inter,Compositae,Brassicaceae
AH_317,Galinsoga_parviflora,Prunella_vulgaris,high,low light,5,7,0.2573,native,inter,Lamiaceae,Compositae
AH_318,Epilobium_ciliatum,Medicago_falcata,high,low light,7,5,0.2717,native,inter,Leguminosae,Onagraceae
AH_320,Epilobium_ciliatum,Vulpia_myuros,high,low light,8,5,1.6574,native,inter,Poaceae,Onagraceae
AH_001,Non,Cardamine_hirsuta,low,high light,1,3,0.6699,native,alone,Brassicaceae,Non
AH_002,Non,Diplotaxis_muralis,low,high light,4,3,1.8971,alien,alone,Brassicaceae,Non
AH_003,Non,Galinsoga_parviflora,low,high light,3,1,2.5983,alien,alone,Compositae,Non
AH_004,Non,Hieracium_pilosella,low,high light,2,1,0.6843,native,alone,Compositae,Non
AH_005,Non,Elsholtzia_ciliata,low,high light,3,4,1.2576,alien,alone,Lamiaceae,Non
AH_006,Non,Mentha_longifolia,low,high light,2,4,2.2924,native,alone,Lamiaceae,Non
AH_007,Non,Prunella_vulgaris,low,high light,4,2,0.7632,native,alone,Lamiaceae,Non
AH_008,Non,Salvia_verticillata,low,high light,1,1,1.9537,alien,alone,Lamiaceae,Non
AH_009,Non,Medicago_falcata,low,high light,1,2,0.1972,native,alone,Leguminosae,Non
AH_010,Non,Medicago_lupulina,low,high light,3,3,0.5875,native,alone,Leguminosae,Non
AH_011,Non,Onobrychis_viciifolia,low,high light,2,1,0.3833,alien,alone,Leguminosae,Non
AH_012,Non,Vicia_villosa,low,high light,4,2,0.5334,alien,alone,Leguminosae,Non
AH_013,Non,Epilobium_ciliatum,low,high light,4,4,1.5837,alien,alone,Onagraceae,Non
AH_014,Non,Epilobium_hirsutum,low,high light,3,1,1.3361,native,alone,Onagraceae,Non
AH_015,Non,Eragrostis_minor,low,high light,1,4,2.5604,alien,alone,Poaceae,Non
AH_016,Non,Vulpia_myuros,low,high light,2,4,1.3148,native,alone,Poaceae,Non
AH_017,Non,Cardamine_hirsuta,low,high light,1,1,0.3135,native,alone,Brassicaceae,Non
AH_018,Non,Diplotaxis_muralis,low,high light,4,2,1.1471,alien,alone,Brassicaceae,Non
AH_019,Non,Galinsoga_parviflora,low,high light,3,2,3.141,alien,alone,Compositae,Non
AH_020,Non,Hieracium_pilosella,low,high light,2,2,0.2803,native,alone,Compositae,Non
AH_021,Non,Elsholtzia_ciliata,low,high light,4,1,0.9971,alien,alone,Lamiaceae,Non
AH_022,Non,Mentha_longifolia,low,high light,3,4,1.4663,native,alone,Lamiaceae,Non
AH_023,Non,Prunella_vulgaris,low,high light,2,1,0.4192,native,alone,Lamiaceae,Non
AH_024,Non,Salvia_verticillata,low,high light,1,4,1.6488,alien,alone,Lamiaceae,Non
AH_025,Non,Medicago_falcata,low,high light,2,2,1.0723,native,alone,Leguminosae,Non
AH_026,Non,Medicago_lupulina,low,high light,4,3,0.6401,native,alone,Leguminosae,Non
AH_027,Non,Onobrychis_viciifolia,low,high light,3,3,0.0673,alien,alone,Leguminosae,Non
AH_028,Non,Vicia_villosa,low,high light,1,2,7.00E-04,alien,alone,Leguminosae,Non
AH_029,Non,Epilobium_ciliatum,low,high light,4,2,1.4691,alien,alone,Onagraceae,Non
AH_030,Non,Epilobium_hirsutum,low,high light,1,3,0.9503,native,alone,Onagraceae,Non
AH_031,Non,Eragrostis_minor,low,high light,3,2,4.0594,alien,alone,Poaceae,Non
AH_032,Non,Vulpia_myuros,low,high light,2,3,0.2165,native,alone,Poaceae,Non
AH_033,Non,Cardamine_hirsuta,high,high light,2,3,1.2045,native,alone,Brassicaceae,Non
AH_034,Non,Diplotaxis_muralis,high,high light,1,1,3.6206,alien,alone,Brassicaceae,Non
AH_035,Non,Galinsoga_parviflora,high,high light,4,1,7.0917,alien,alone,Compositae,Non
AH_036,Non,Hieracium_pilosella,high,high light,3,1,0.6931,native,alone,Compositae,Non
AH_037,Non,Elsholtzia_ciliata,high,high light,3,2,2.273,alien,alone,Lamiaceae,Non
AH_038,Non,Mentha_longifolia,high,high light,1,3,4.7204,native,alone,Lamiaceae,Non
AH_039,Non,Prunella_vulgaris,high,high light,2,4,1.2974,native,alone,Lamiaceae,Non
AH_040,Non,Salvia_verticillata,high,high light,4,4,5.7011,alien,alone,Lamiaceae,Non
AH_041,Non,Medicago_falcata,high,high light,1,2,1.7603,native,alone,Leguminosae,Non
AH_042,Non,Medicago_lupulina,high,high light,3,3,2.2048,native,alone,Leguminosae,Non
AH_043,Non,Onobrychis_viciifolia,high,high light,2,1,1.0298,alien,alone,Leguminosae,Non
AH_044,Non,Vicia_villosa,high,high light,4,4,0.4379,alien,alone,Leguminosae,Non
AH_045,Non,Epilobium_ciliatum,high,high light,1,4,5.3785,alien,alone,Onagraceae,Non
AH_046,Non,Epilobium_hirsutum,high,high light,3,4,4.0453,native,alone,Onagraceae,Non
AH_047,Non,Eragrostis_minor,high,high light,2,4,5.2423,alien,alone,Poaceae,Non
AH_048,Non,Vulpia_myuros,high,high light,4,3,1.0201,native,alone,Poaceae,Non
AH_049,Non,Cardamine_hirsuta,high,high light,1,3,1.7223,native,alone,Brassicaceae,Non
AH_050,Non,Diplotaxis_muralis,high,high light,3,1,2.8753,alien,alone,Brassicaceae,Non
AH_051,Non,Galinsoga_parviflora,high,high light,2,2,6.0581,alien,alone,Compositae,Non
AH_052,Non,Hieracium_pilosella,high,high light,4,3,1.1692,native,alone,Compositae,Non
AH_053,Non,Elsholtzia_ciliata,high,high light,1,2,1.5615,alien,alone,Lamiaceae,Non
AH_054,Non,Mentha_longifolia,high,high light,4,2,4.8224,native,alone,Lamiaceae,Non
AH_055,Non,Prunella_vulgaris,high,high light,3,3,1.0474,native,alone,Lamiaceae,Non
AH_056,Non,Salvia_verticillata,high,high light,2,2,4.7045,alien,alone,Lamiaceae,Non
AH_057,Non,Medicago_falcata,high,high light,2,4,0.8832,native,alone,Leguminosae,Non
AH_058,Non,Medicago_lupulina,high,high light,4,1,1.1037,native,alone,Leguminosae,Non
AH_059,Non,Onobrychis_viciifolia,high,high light,1,1,1.1748,alien,alone,Leguminosae,Non
AH_060,Non,Vicia_villosa,high,high light,3,3,1.7228,alien,alone,Leguminosae,Non
AH_061,Non,Epilobium_ciliatum,high,high light,4,1,3.9282,alien,alone,Onagraceae,Non
AH_062,Non,Epilobium_hirsutum,high,high light,3,2,4.6592,native,alone,Onagraceae,Non
AH_063,Non,Eragrostis_minor,high,high light,2,1,4.0555,alien,alone,Poaceae,Non
AH_064,Non,Vulpia_myuros,high,high light,1,3,0.9223,native,alone,Poaceae,Non
AH_065,Non,Cardamine_hirsuta,low,low light,5,7,0.4056,native,alone,Brassicaceae,Non
AH_066,Non,Diplotaxis_muralis,low,low light,8,7,2.2319,alien,alone,Brassicaceae,Non
AH_067,Non,Galinsoga_parviflora,low,low light,7,5,1.5312,alien,alone,Compositae,Non
AH_068,Non,Hieracium_pilosella,low,low light,6,8,0.55,native,alone,Compositae,Non
AH_069,Non,Elsholtzia_ciliata,low,low light,6,5,0.5991,alien,alone,Lamiaceae,Non
AH_070,Non,Mentha_longifolia,low,low light,8,6,0.714,native,alone,Lamiaceae,Non
AH_071,Non,Prunella_vulgaris,low,low light,7,8,0.5721,native,alone,Lamiaceae,Non
AH_072,Non,Salvia_verticillata,low,low light,5,8,1.924,alien,alone,Lamiaceae,Non
AH_073,Non,Medicago_falcata,low,low light,6,6,1.0776,native,alone,Leguminosae,Non
AH_074,Non,Medicago_lupulina,low,low light,8,8,0.6566,native,alone,Leguminosae,Non
AH_075,Non,Onobrychis_viciifolia,low,low light,5,5,0.5371,alien,alone,Leguminosae,Non
AH_076,Non,Vicia_villosa,low,low light,7,8,0.6709,alien,alone,Leguminosae,Non
AH_077,Non,Epilobium_ciliatum,low,low light,8,5,0.3773,alien,alone,Onagraceae,Non
AH_079,Non,Eragrostis_minor,low,low light,5,6,0.3292,alien,alone,Poaceae,Non
AH_080,Non,Vulpia_myuros,low,low light,6,7,0.5174,native,alone,Poaceae,Non
AH_081,Non,Cardamine_hirsuta,low,low light,8,6,0.2775,native,alone,Brassicaceae,Non
AH_082,Non,Diplotaxis_muralis,low,low light,5,6,0.3015,alien,alone,Brassicaceae,Non
AH_083,Non,Galinsoga_parviflora,low,low light,7,8,3.0751,alien,alone,Compositae,Non
AH_084,Non,Hieracium_pilosella,low,low light,6,6,0.2441,native,alone,Compositae,Non
AH_085,Non,Elsholtzia_ciliata,low,low light,5,8,0.6331,alien,alone,Lamiaceae,Non
AH_086,Non,Mentha_longifolia,low,low light,7,7,1.6652,native,alone,Lamiaceae,Non
AH_087,Non,Prunella_vulgaris,low,low light,8,7,0.805,native,alone,Lamiaceae,Non
AH_088,Non,Salvia_verticillata,low,low light,6,7,0.4753,alien,alone,Lamiaceae,Non
AH_089,Non,Medicago_falcata,low,low light,6,6,0.5482,native,alone,Leguminosae,Non
AH_090,Non,Medicago_lupulina,low,low light,8,5,0.9191,native,alone,Leguminosae,Non
AH_091,Non,Onobrychis_viciifolia,low,low light,5,7,0.4383,alien,alone,Leguminosae,Non
AH_092,Non,Vicia_villosa,low,low light,7,8,0.5308,alien,alone,Leguminosae,Non
AH_093,Non,Epilobium_ciliatum,low,low light,6,6,1.8471,alien,alone,Onagraceae,Non
AH_094,Non,Epilobium_hirsutum,low,low light,5,5,0.9461,native,alone,Onagraceae,Non
AH_095,Non,Eragrostis_minor,low,low light,7,5,0.8061,alien,alone,Poaceae,Non
AH_096,Non,Vulpia_myuros,low,low light,8,8,0.0964,native,alone,Poaceae,Non
AH_097,Non,Cardamine_hirsuta,high,low light,8,8,1.2129,native,alone,Brassicaceae,Non
AH_098,Non,Diplotaxis_muralis,high,low light,7,5,1.7084,alien,alone,Brassicaceae,Non
AH_099,Non,Galinsoga_parviflora,high,low light,6,5,5.9984,alien,alone,Compositae,Non
AH_100,Non,Hieracium_pilosella,high,low light,5,6,1.0538,native,alone,Compositae,Non
AH_101,Non,Elsholtzia_ciliata,high,low light,5,5,1.4362,alien,alone,Lamiaceae,Non
AH_102,Non,Mentha_longifolia,high,low light,7,7,2.6528,native,alone,Lamiaceae,Non
AH_103,Non,Prunella_vulgaris,high,low light,8,6,0.2964,native,alone,Lamiaceae,Non
AH_104,Non,Salvia_verticillata,high,low light,6,8,5.165,alien,alone,Lamiaceae,Non
AH_105,Non,Medicago_falcata,high,low light,7,6,1.1729,native,alone,Leguminosae,Non
AH_106,Non,Medicago_lupulina,high,low light,8,7,2.4571,native,alone,Leguminosae,Non
AH_107,Non,Onobrychis_viciifolia,high,low light,6,8,1.4309,alien,alone,Leguminosae,Non
AH_108,Non,Vicia_villosa,high,low light,5,7,0.7319,alien,alone,Leguminosae,Non
AH_109,Non,Epilobium_ciliatum,high,low light,5,8,3.2883,alien,alone,Onagraceae,Non
AH_110,Non,Epilobium_hirsutum,high,low light,8,5,2.7766,native,alone,Onagraceae,Non
AH_111,Non,Eragrostis_minor,high,low light,6,7,3.6857,alien,alone,Poaceae,Non
AH_113,Non,Cardamine_hirsuta,high,low light,7,6,1.9214,native,alone,Brassicaceae,Non
AH_114,Non,Diplotaxis_muralis,high,low light,8,5,5.1048,alien,alone,Brassicaceae,Non
AH_115,Non,Galinsoga_parviflora,high,low light,5,6,6.9233,alien,alone,Compositae,Non
AH_116,Non,Hieracium_pilosella,high,low light,6,6,1.1812,native,alone,Compositae,Non
AH_117,Non,Elsholtzia_ciliata,high,low light,6,8,1.379,alien,alone,Lamiaceae,Non
AH_118,Non,Mentha_longifolia,high,low light,5,5,3.6661,native,alone,Lamiaceae,Non
AH_119,Non,Prunella_vulgaris,high,low light,8,8,1.6662,native,alone,Lamiaceae,Non
AH_120,Non,Salvia_verticillata,high,low light,7,8,4.2805,alien,alone,Lamiaceae,Non
AH_121,Non,Medicago_falcata,high,low light,5,7,5.961,native,alone,Leguminosae,Non
AH_122,Non,Medicago_lupulina,high,low light,6,5,2.0181,native,alone,Leguminosae,Non
AH_123,Non,Onobrychis_viciifolia,high,low light,7,8,0.6181,alien,alone,Leguminosae,Non
AH_124,Non,Vicia_villosa,high,low light,8,7,1.0417,alien,alone,Leguminosae,Non
AH_125,Non,Epilobium_ciliatum,high,low light,8,6,3.7637,alien,alone,Onagraceae,Non
AH_126,Non,Epilobium_hirsutum,high,low light,7,7,3.4405,native,alone,Onagraceae,Non
AH_128,Non,Vulpia_myuros,high,low light,6,6,0.6763,native,alone,Poaceae,Non
AH_129,Cardamine_hirsuta,Cardamine_hirsuta,low,high light,2,4,0.023,native,intra,Brassicaceae,Brassicaceae
AH_130,Diplotaxis_muralis,Diplotaxis_muralis,low,high light,4,2,0.2541,alien,intra,Brassicaceae,Brassicaceae
AH_131,Galinsoga_parviflora,Galinsoga_parviflora,low,high light,3,1,1.8512,alien,intra,Compositae,Compositae
AH_132,Hieracium_pilosella,Hieracium_pilosella,low,high light,1,4,0.3338,native,intra,Compositae,Compositae
AH_133,Elsholtzia_ciliata,Elsholtzia_ciliata,low,high light,3,4,0.8425,alien,intra,Lamiaceae,Lamiaceae
AH_134,Mentha_longifolia,Mentha_longifolia,low,high light,1,4,1.3642,native,intra,Lamiaceae,Lamiaceae
AH_135,Prunella_vulgaris,Prunella_vulgaris,low,high light,4,4,0.6971,native,intra,Lamiaceae,Lamiaceae
AH_136,Salvia_verticillata,Salvia_verticillata,low,high light,2,1,2.1215,alien,intra,Lamiaceae,Lamiaceae
AH_137,Medicago_falcata,Medicago_falcata,low,high light,3,3,0.2207,native,intra,Leguminosae,Leguminosae
AH_138,Medicago_lupulina,Medicago_lupulina,low,high light,1,1,0.4705,native,intra,Leguminosae,Leguminosae
AH_139,Onobrychis_viciifolia,Onobrychis_viciifolia,low,high light,4,3,0.8228,alien,intra,Leguminosae,Leguminosae
AH_140,Vicia_villosa,Vicia_villosa,low,high light,2,3,0.2443,alien,intra,Leguminosae,Leguminosae
AH_141,Epilobium_ciliatum,Epilobium_ciliatum,low,high light,3,1,1.2891,alien,intra,Onagraceae,Onagraceae
AH_142,Epilobium_hirsutum,Epilobium_hirsutum,low,high light,2,3,1.7456,native,intra,Onagraceae,Onagraceae
AH_143,Eragrostis_minor,Eragrostis_minor,low,high light,1,2,1.299,alien,intra,Poaceae,Poaceae
AH_144,Vulpia_myuros,Vulpia_myuros,low,high light,4,4,1.1476,native,intra,Poaceae,Poaceae
AH_146,Diplotaxis_muralis,Diplotaxis_muralis,high,high light,2,4,0.4613,alien,intra,Brassicaceae,Brassicaceae
AH_148,Hieracium_pilosella,Hieracium_pilosella,high,high light,4,4,0.4095,native,intra,Compositae,Compositae
AH_149,Elsholtzia_ciliata,Elsholtzia_ciliata,high,high light,2,4,1.4472,alien,intra,Lamiaceae,Lamiaceae
AH_151,Prunella_vulgaris,Prunella_vulgaris,high,high light,3,2,1.1209,native,intra,Lamiaceae,Lamiaceae
AH_152,Salvia_verticillata,Salvia_verticillata,high,high light,1,1,2.4975,alien,intra,Lamiaceae,Lamiaceae
AH_153,Medicago_falcata,Medicago_falcata,high,high light,3,4,0.1813,native,intra,Leguminosae,Leguminosae
AH_154,Medicago_lupulina,Medicago_lupulina,high,high light,4,3,1.5736,native,intra,Leguminosae,Leguminosae
AH_155,Onobrychis_viciifolia,Onobrychis_viciifolia,high,high light,2,2,0.6345,alien,intra,Leguminosae,Leguminosae
AH_156,Vicia_villosa,Vicia_villosa,high,high light,1,4,1.0476,alien,intra,Leguminosae,Leguminosae
AH_157,Epilobium_ciliatum,Epilobium_ciliatum,high,high light,3,3,3.2154,alien,intra,Onagraceae,Onagraceae
AH_158,Epilobium_hirsutum,Epilobium_hirsutum,high,high light,2,2,2.5872,native,intra,Onagraceae,Onagraceae
AH_159,Eragrostis_minor,Eragrostis_minor,high,high light,1,4,0.3613,alien,intra,Poaceae,Poaceae
AH_160,Vulpia_myuros,Vulpia_myuros,high,high light,4,1,0.4721,native,intra,Poaceae,Poaceae
AH_161,Cardamine_hirsuta,Cardamine_hirsuta,low,low light,6,7,0.4708,native,intra,Brassicaceae,Brassicaceae
AH_162,Diplotaxis_muralis,Diplotaxis_muralis,low,low light,5,6,0.3981,alien,intra,Brassicaceae,Brassicaceae
AH_163,Galinsoga_parviflora,Galinsoga_parviflora,low,low light,7,6,1.7127,alien,intra,Compositae,Compositae
AH_164,Hieracium_pilosella,Hieracium_pilosella,low,low light,8,7,0.4154,native,intra,Compositae,Compositae
AH_165,Elsholtzia_ciliata,Elsholtzia_ciliata,low,low light,7,5,0.8942,alien,intra,Lamiaceae,Lamiaceae
AH_166,Mentha_longifolia,Mentha_longifolia,low,low light,8,6,0.8854,native,intra,Lamiaceae,Lamiaceae
AH_167,Prunella_vulgaris,Prunella_vulgaris,low,low light,5,8,0.4694,native,intra,Lamiaceae,Lamiaceae
AH_168,Salvia_verticillata,Salvia_verticillata,low,low light,6,7,1.5213,alien,intra,Lamiaceae,Lamiaceae
AH_169,Medicago_falcata,Medicago_falcata,low,low light,6,8,0.2491,native,intra,Leguminosae,Leguminosae
AH_170,Medicago_lupulina,Medicago_lupulina,low,low light,8,8,0.5176,native,intra,Leguminosae,Leguminosae
AH_171,Onobrychis_viciifolia,Onobrychis_viciifolia,low,low light,5,5,0.4553,alien,intra,Leguminosae,Leguminosae
AH_172,Vicia_villosa,Vicia_villosa,low,low light,7,6,0.4435,alien,intra,Leguminosae,Leguminosae
AH_173,Epilobium_ciliatum,Epilobium_ciliatum,low,low light,5,7,0.9046,alien,intra,Onagraceae,Onagraceae
AH_174,Epilobium_hirsutum,Epilobium_hirsutum,low,low light,8,5,0.7841,native,intra,Onagraceae,Onagraceae
AH_176,Vulpia_myuros,Vulpia_myuros,low,low light,7,7,0.2238,native,intra,Poaceae,Poaceae
AH_177,Cardamine_hirsuta,Cardamine_hirsuta,high,low light,5,7,0.8841,native,intra,Brassicaceae,Brassicaceae
AH_178,Diplotaxis_muralis,Diplotaxis_muralis,high,low light,8,8,1.0019,alien,intra,Brassicaceae,Brassicaceae
AH_179,Galinsoga_parviflora,Galinsoga_parviflora,high,low light,7,8,1.2634,alien,intra,Compositae,Compositae
AH_180,Hieracium_pilosella,Hieracium_pilosella,high,low light,6,5,0.5728,native,intra,Compositae,Compositae
AH_181,Elsholtzia_ciliata,Elsholtzia_ciliata,high,low light,7,7,0.7645,alien,intra,Lamiaceae,Lamiaceae
AH_182,Mentha_longifolia,Mentha_longifolia,high,low light,5,6,2.1284,native,intra,Lamiaceae,Lamiaceae
AH_183,Prunella_vulgaris,Prunella_vulgaris,high,low light,6,8,0.4825,native,intra,Lamiaceae,Lamiaceae
AH_184,Salvia_verticillata,Salvia_verticillata,high,low light,8,6,1.8273,alien,intra,Lamiaceae,Lamiaceae
AH_185,Medicago_falcata,Medicago_falcata,high,low light,8,5,0.5682,native,intra,Leguminosae,Leguminosae
AH_186,Medicago_lupulina,Medicago_lupulina,high,low light,7,6,1.2013,native,intra,Leguminosae,Leguminosae
AH_187,Onobrychis_viciifolia,Onobrychis_viciifolia,high,low light,5,5,1.2735,alien,intra,Leguminosae,Leguminosae
AH_188,Vicia_villosa,Vicia_villosa,high,low light,6,8,0.5214,alien,intra,Leguminosae,Leguminosae
AH_189,Epilobium_ciliatum,Epilobium_ciliatum,high,low light,8,8,2.4091,alien,intra,Onagraceae,Onagraceae
AH_190,Epilobium_hirsutum,Epilobium_hirsutum,high,low light,5,8,2.2405,native,intra,Onagraceae,Onagraceae
AH_192,Vulpia_myuros,Vulpia_myuros,high,low light,7,5,1.2887,native,intra,Poaceae,Poaceae
AH_193,Cardamine_hirsuta,Diplotaxis_muralis,low,high light,2,1,0.5036,alien,inter,Brassicaceae,Brassicaceae
AH_194,Hieracium_pilosella,Galinsoga_parviflora,low,high light,3,1,2.3364,alien,inter,Compositae,Compositae
AH_195,Mentha_longifolia,Elsholtzia_ciliata,low,high light,1,1,0.7054,alien,inter,Lamiaceae,Lamiaceae
AH_196,Prunella_vulgaris,Salvia_verticillata,low,high light,4,3,1.5702,alien,inter,Lamiaceae,Lamiaceae
AH_197,Medicago_falcata,Onobrychis_viciifolia,low,high light,3,2,0.3191,alien,inter,Leguminosae,Leguminosae
AH_198,Medicago_lupulina,Vicia_villosa,low,high light,1,2,0.4283,alien,inter,Leguminosae,Leguminosae
AH_199,Epilobium_hirsutum,Epilobium_ciliatum,low,high light,4,4,1.0175,alien,inter,Onagraceae,Onagraceae
AH_200,Vulpia_myuros,Eragrostis_minor,low,high light,2,3,1.0451,alien,inter,Poaceae,Poaceae
AH_201,Vulpia_myuros,Galinsoga_parviflora,low,high light,3,2,2.5236,alien,inter,Compositae,Poaceae
AH_202,Hieracium_pilosella,Vicia_villosa,low,high light,4,2,0.1673,alien,inter,Leguminosae,Compositae
AH_203,Cardamine_hirsuta,Eragrostis_minor,low,high light,1,2,2.0506,alien,inter,Poaceae,Brassicaceae
AH_204,Cardamine_hirsuta,Elsholtzia_ciliata,low,high light,2,3,0.9924,alien,inter,Lamiaceae,Brassicaceae
AH_205,Cardamine_hirsuta,Galinsoga_parviflora,low,high light,3,1,1.7236,alien,inter,Compositae,Brassicaceae
AH_206,Prunella_vulgaris,Onobrychis_viciifolia,low,high light,4,1,0.6361,alien,inter,Leguminosae,Lamiaceae
AH_207,Mentha_longifolia,Eragrostis_minor,low,high light,2,1,2.2085,alien,inter,Poaceae,Lamiaceae
AH_208,Prunella_vulgaris,Elsholtzia_ciliata,low,high light,1,3,1.0551,alien,inter,Lamiaceae,Lamiaceae
AH_209,Medicago_lupulina,Diplotaxis_muralis,low,high light,2,1,0.6134,alien,inter,Brassicaceae,Leguminosae
AH_210,Cardamine_hirsuta,Salvia_verticillata,low,high light,1,3,3.0208,alien,inter,Lamiaceae,Brassicaceae
AH_211,Cardamine_hirsuta,Epilobium_ciliatum,low,high light,3,3,1.4509,alien,inter,Onagraceae,Brassicaceae
AH_212,Mentha_longifolia,Epilobium_ciliatum,low,high light,4,4,0.9911,alien,inter,Onagraceae,Lamiaceae
AH_213,Medicago_falcata,Diplotaxis_muralis,low,high light,2,2,0.9004,alien,inter,Brassicaceae,Leguminosae
AH_214,Hieracium_pilosella,Elsholtzia_ciliata,low,high light,1,4,0.9516,alien,inter,Lamiaceae,Compositae
AH_215,Prunella_vulgaris,Vicia_villosa,low,high light,3,4,0.6992,alien,inter,Leguminosae,Lamiaceae
AH_216,Medicago_falcata,Galinsoga_parviflora,low,high light,4,2,0.1175,alien,inter,Compositae,Leguminosae
AH_217,Prunella_vulgaris,Diplotaxis_muralis,low,high light,3,3,2.3809,alien,inter,Brassicaceae,Lamiaceae
AH_218,Mentha_longifolia,Onobrychis_viciifolia,low,high light,2,4,0.1824,alien,inter,Leguminosae,Lamiaceae
AH_219,Medicago_lupulina,Galinsoga_parviflora,low,high light,4,3,2.9874,alien,inter,Compositae,Leguminosae
AH_220,Hieracium_pilosella,Diplotaxis_muralis,low,high light,1,2,1.4935,alien,inter,Brassicaceae,Compositae
AH_221,Prunella_vulgaris,Galinsoga_parviflora,low,high light,2,3,3.4533,alien,inter,Compositae,Lamiaceae
AH_222,Medicago_falcata,Epilobium_ciliatum,low,high light,4,3,1.5265,alien,inter,Onagraceae,Leguminosae
AH_223,Mentha_longifolia,Galinsoga_parviflora,low,high light,3,4,2.4707,alien,inter,Compositae,Lamiaceae
AH_224,Vulpia_myuros,Epilobium_ciliatum,low,high light,1,2,1.2013,alien,inter,Onagraceae,Poaceae
AH_225,Cardamine_hirsuta,Diplotaxis_muralis,high,high light,3,1,2.6618,alien,inter,Brassicaceae,Brassicaceae
AH_226,Hieracium_pilosella,Galinsoga_parviflora,high,high light,2,4,0.2759,alien,inter,Compositae,Compositae
AH_227,Mentha_longifolia,Elsholtzia_ciliata,high,high light,1,3,1.6981,alien,inter,Lamiaceae,Lamiaceae
AH_228,Prunella_vulgaris,Salvia_verticillata,high,high light,4,4,4.7481,alien,inter,Lamiaceae,Lamiaceae
AH_229,Medicago_falcata,Onobrychis_viciifolia,high,high light,4,1,0.7028,alien,inter,Leguminosae,Leguminosae
AH_230,Medicago_lupulina,Vicia_villosa,high,high light,3,3,0.7682,alien,inter,Leguminosae,Leguminosae
AH_231,Epilobium_hirsutum,Epilobium_ciliatum,high,high light,2,1,2.408,alien,inter,Onagraceae,Onagraceae
AH_232,Vulpia_myuros,Eragrostis_minor,high,high light,1,4,4.9661,alien,inter,Poaceae,Poaceae
AH_233,Vulpia_myuros,Galinsoga_parviflora,high,high light,2,3,4.4802,alien,inter,Compositae,Poaceae
AH_234,Hieracium_pilosella,Vicia_villosa,high,high light,1,1,0.4791,alien,inter,Leguminosae,Compositae
AH_235,Cardamine_hirsuta,Eragrostis_minor,high,high light,4,4,3.4094,alien,inter,Poaceae,Brassicaceae
AH_236,Cardamine_hirsuta,Elsholtzia_ciliata,high,high light,3,2,1.599,alien,inter,Lamiaceae,Brassicaceae
AH_237,Cardamine_hirsuta,Galinsoga_parviflora,high,high light,3,4,4.6135,alien,inter,Compositae,Brassicaceae
AH_238,Prunella_vulgaris,Onobrychis_viciifolia,high,high light,2,2,1.1358,alien,inter,Leguminosae,Lamiaceae
AH_239,Mentha_longifolia,Eragrostis_minor,high,high light,4,1,1.9017,alien,inter,Poaceae,Lamiaceae
AH_240,Prunella_vulgaris,Elsholtzia_ciliata,high,high light,1,1,1.169,alien,inter,Lamiaceae,Lamiaceae
AH_241,Medicago_lupulina,Diplotaxis_muralis,high,high light,4,4,2.9427,alien,inter,Brassicaceae,Leguminosae
AH_242,Cardamine_hirsuta,Salvia_verticillata,high,high light,1,2,4.9793,alien,inter,Lamiaceae,Brassicaceae
AH_244,Mentha_longifolia,Epilobium_ciliatum,high,high light,2,1,1.7815,alien,inter,Onagraceae,Lamiaceae
AH_245,Medicago_falcata,Diplotaxis_muralis,high,high light,3,2,3.3226,alien,inter,Brassicaceae,Leguminosae
AH_246,Hieracium_pilosella,Elsholtzia_ciliata,high,high light,4,3,2.1238,alien,inter,Lamiaceae,Compositae
AH_247,Prunella_vulgaris,Vicia_villosa,high,high light,1,4,2.8435,alien,inter,Leguminosae,Lamiaceae
AH_248,Medicago_falcata,Galinsoga_parviflora,high,high light,2,2,4.1523,alien,inter,Compositae,Leguminosae
AH_249,Prunella_vulgaris,Diplotaxis_muralis,high,high light,4,2,4.9591,alien,inter,Brassicaceae,Lamiaceae
AH_250,Mentha_longifolia,Onobrychis_viciifolia,high,high light,1,3,3.587,alien,inter,Leguminosae,Lamiaceae
AH_251,Medicago_lupulina,Galinsoga_parviflora,high,high light,2,2,3.9914,alien,inter,Compositae,Leguminosae
AH_252,Hieracium_pilosella,Diplotaxis_muralis,high,high light,3,1,2.7471,alien,inter,Brassicaceae,Compositae
AH_253,Prunella_vulgaris,Galinsoga_parviflora,high,high light,2,3,2.3738,alien,inter,Compositae,Lamiaceae
AH_254,Medicago_falcata,Epilobium_ciliatum,high,high light,1,1,4.0137,alien,inter,Onagraceae,Leguminosae
AH_255,Mentha_longifolia,Galinsoga_parviflora,high,high light,4,1,5.7613,alien,inter,Compositae,Lamiaceae
AH_256,Vulpia_myuros,Epilobium_ciliatum,high,high light,3,3,3.7915,alien,inter,Onagraceae,Poaceae
AH_257,Cardamine_hirsuta,Diplotaxis_muralis,low,low light,6,7,0.6935,alien,inter,Brassicaceae,Brassicaceae
AH_258,Hieracium_pilosella,Galinsoga_parviflora,low,low light,5,8,3.6672,alien,inter,Compositae,Compositae
AH_260,Prunella_vulgaris,Salvia_verticillata,low,low light,8,5,1.2528,alien,inter,Lamiaceae,Lamiaceae
AH_261,Medicago_falcata,Onobrychis_viciifolia,low,low light,7,6,0.5864,alien,inter,Leguminosae,Leguminosae
AH_262,Medicago_lupulina,Vicia_villosa,low,low light,8,6,0.3445,alien,inter,Leguminosae,Leguminosae
AH_263,Epilobium_hirsutum,Epilobium_ciliatum,low,low light,6,6,0.9153,alien,inter,Onagraceae,Onagraceae
AH_264,Vulpia_myuros,Eragrostis_minor,low,low light,5,8,0.6341,alien,inter,Poaceae,Poaceae
AH_265,Vulpia_myuros,Galinsoga_parviflora,low,low light,6,6,1.6672,alien,inter,Compositae,Poaceae
AH_266,Hieracium_pilosella,Vicia_villosa,low,low light,8,7,0.3764,alien,inter,Leguminosae,Compositae
AH_267,Cardamine_hirsuta,Eragrostis_minor,low,low light,7,8,0.2254,alien,inter,Poaceae,Brassicaceae
AH_268,Cardamine_hirsuta,Elsholtzia_ciliata,low,low light,5,7,1.0249,alien,inter,Lamiaceae,Brassicaceae
AH_269,Cardamine_hirsuta,Galinsoga_parviflora,low,low light,6,7,0.3451,alien,inter,Compositae,Brassicaceae
AH_270,Prunella_vulgaris,Onobrychis_viciifolia,low,low light,8,7,0.349,alien,inter,Leguminosae,Lamiaceae
AH_271,Mentha_longifolia,Eragrostis_minor,low,low light,7,5,0.2123,alien,inter,Poaceae,Lamiaceae
AH_272,Prunella_vulgaris,Elsholtzia_ciliata,low,low light,5,5,0.9166,alien,inter,Lamiaceae,Lamiaceae
AH_273,Medicago_lupulina,Diplotaxis_muralis,low,low light,8,7,1.1307,alien,inter,Brassicaceae,Leguminosae
AH_274,Cardamine_hirsuta,Salvia_verticillata,low,low light,7,7,2.7782,alien,inter,Lamiaceae,Brassicaceae
AH_275,Cardamine_hirsuta,Epilobium_ciliatum,low,low light,6,8,1.2138,alien,inter,Onagraceae,Brassicaceae
AH_276,Mentha_longifolia,Epilobium_ciliatum,low,low light,5,8,1.079,alien,inter,Onagraceae,Lamiaceae
AH_277,Medicago_falcata,Diplotaxis_muralis,low,low light,8,5,0.6781,alien,inter,Brassicaceae,Leguminosae
AH_278,Hieracium_pilosella,Elsholtzia_ciliata,low,low light,5,5,0.7182,alien,inter,Lamiaceae,Compositae
AH_279,Prunella_vulgaris,Vicia_villosa,low,low light,6,5,1.5383,alien,inter,Leguminosae,Lamiaceae
AH_280,Medicago_falcata,Galinsoga_parviflora,low,low light,7,8,4.2016,alien,inter,Compositae,Leguminosae
AH_281,Prunella_vulgaris,Diplotaxis_muralis,low,low light,6,8,3.0374,alien,inter,Brassicaceae,Lamiaceae
AH_282,Mentha_longifolia,Onobrychis_viciifolia,low,low light,8,6,0.4502,alien,inter,Leguminosae,Lamiaceae
AH_283,Medicago_lupulina,Galinsoga_parviflora,low,low light,5,7,3.5921,alien,inter,Compositae,Leguminosae
AH_284,Hieracium_pilosella,Diplotaxis_muralis,low,low light,7,5,0.7683,alien,inter,Brassicaceae,Compositae
AH_285,Prunella_vulgaris,Galinsoga_parviflora,low,low light,6,7,3.272,alien,inter,Compositae,Lamiaceae
AH_286,Medicago_falcata,Epilobium_ciliatum,low,low light,7,5,0.9381,alien,inter,Onagraceae,Leguminosae
AH_287,Mentha_longifolia,Galinsoga_parviflora,low,low light,8,6,0.2151,alien,inter,Compositae,Lamiaceae
AH_288,Vulpia_myuros,Epilobium_ciliatum,low,low light,5,6,0.8874,alien,inter,Onagraceae,Poaceae
AH_289,Cardamine_hirsuta,Diplotaxis_muralis,high,low light,6,7,1.5365,alien,inter,Brassicaceae,Brassicaceae
AH_290,Hieracium_pilosella,Galinsoga_parviflora,high,low light,7,7,7.6141,alien,inter,Compositae,Compositae
AH_291,Mentha_longifolia,Elsholtzia_ciliata,high,low light,5,5,0.9439,alien,inter,Lamiaceae,Lamiaceae
AH_292,Prunella_vulgaris,Salvia_verticillata,high,low light,8,8,1.4809,alien,inter,Lamiaceae,Lamiaceae
AH_293,Medicago_falcata,Onobrychis_viciifolia,high,low light,6,5,0.6745,alien,inter,Leguminosae,Leguminosae
AH_294,Medicago_lupulina,Vicia_villosa,high,low light,7,8,1.7023,alien,inter,Leguminosae,Leguminosae
AH_295,Epilobium_hirsutum,Epilobium_ciliatum,high,low light,8,6,2.966,alien,inter,Onagraceae,Onagraceae
AH_296,Vulpia_myuros,Eragrostis_minor,high,low light,5,7,2.2127,alien,inter,Poaceae,Poaceae
AH_297,Vulpia_myuros,Galinsoga_parviflora,high,low light,8,5,0.1859,alien,inter,Compositae,Poaceae
AH_298,Hieracium_pilosella,Vicia_villosa,high,low light,7,6,2.0568,alien,inter,Leguminosae,Compositae
AH_299,Cardamine_hirsuta,Eragrostis_minor,high,low light,5,6,1.7028,alien,inter,Poaceae,Brassicaceae
AH_300,Cardamine_hirsuta,Elsholtzia_ciliata,high,low light,6,6,0.845,alien,inter,Lamiaceae,Brassicaceae
AH_301,Cardamine_hirsuta,Galinsoga_parviflora,high,low light,8,8,4.9791,alien,inter,Compositae,Brassicaceae
AH_302,Prunella_vulgaris,Onobrychis_viciifolia,high,low light,6,6,0.5384,alien,inter,Leguminosae,Lamiaceae
AH_303,Mentha_longifolia,Eragrostis_minor,high,low light,5,5,1.7035,alien,inter,Poaceae,Lamiaceae
AH_304,Prunella_vulgaris,Elsholtzia_ciliata,high,low light,7,5,0.8283,alien,inter,Lamiaceae,Lamiaceae
AH_305,Medicago_lupulina,Diplotaxis_muralis,high,low light,5,6,0.8255,alien,inter,Brassicaceae,Leguminosae
AH_306,Cardamine_hirsuta,Salvia_verticillata,high,low light,7,8,3.0992,alien,inter,Lamiaceae,Brassicaceae
AH_307,Cardamine_hirsuta,Epilobium_ciliatum,high,low light,6,7,2.4291,alien,inter,Onagraceae,Brassicaceae
AH_308,Mentha_longifolia,Epilobium_ciliatum,high,low light,8,8,1.5172,alien,inter,Onagraceae,Lamiaceae
AH_309,Medicago_falcata,Diplotaxis_muralis,high,low light,5,5,4.0718,alien,inter,Brassicaceae,Leguminosae
AH_310,Hieracium_pilosella,Elsholtzia_ciliata,high,low light,6,6,0.2909,alien,inter,Lamiaceae,Compositae
AH_311,Prunella_vulgaris,Vicia_villosa,high,low light,7,7,0.6392,alien,inter,Leguminosae,Lamiaceae
AH_312,Medicago_falcata,Galinsoga_parviflora,high,low light,8,5,7.4537,alien,inter,Compositae,Leguminosae
AH_313,Prunella_vulgaris,Diplotaxis_muralis,high,low light,5,8,1.5728,alien,inter,Brassicaceae,Lamiaceae
AH_314,Mentha_longifolia,Onobrychis_viciifolia,high,low light,8,7,0.6285,alien,inter,Leguminosae,Lamiaceae
AH_315,Medicago_lupulina,Galinsoga_parviflora,high,low light,6,7,5.7029,alien,inter,Compositae,Leguminosae
AH_316,Hieracium_pilosella,Diplotaxis_muralis,high,low light,7,6,2.0093,alien,inter,Brassicaceae,Compositae
AH_317,Prunella_vulgaris,Galinsoga_parviflora,high,low light,5,7,5.349,alien,inter,Compositae,Lamiaceae
AH_318,Medicago_falcata,Epilobium_ciliatum,high,low light,7,5,3.1217,alien,inter,Onagraceae,Leguminosae
AH_320,Vulpia_myuros,Epilobium_ciliatum,high,low light,8,5,1.6182,alien,inter,Onagraceae,Poaceae
